{
    "questions": [
      {
        "niveau": "facile",
        "question": "Qui a inventé l'ampoule électrique ?",
        "reponses": ["Thomas Edison", "Nikola Tesla", "Benjamin Franklin"],
        "bonne_reponse": "Thomas Edison"
      },
      {
        "niveau": "facile",
        "question": "Quel inventeur est connu pour avoir perfectionné le téléphone ?",
        "reponses": ["Alexander Graham Bell", "Guglielmo Marconi", "James Watt"],
        "bonne_reponse": "Alexander Graham Bell"
      },
      {
        "niveau": "facile",
        "question": "Qui a inventé la machine à vapeur ?",
        "reponses": ["James Watt", "Robert Fulton", "Nikola Tesla"],
        "bonne_reponse": "James Watt"
      },
      {
        "niveau": "moyen",
        "question": "Qui est l'inventeur de la radio ?",
        "reponses": ["Guglielmo Marconi", "Nikola Tesla", "Samuel Morse"],
        "bonne_reponse": "Guglielmo Marconi"
      },
      {
        "niveau": "moyen",
        "question": "Qui a inventé l'imprimerie moderne en Europe ?",
        "reponses": ["Johannes Gutenberg", "Leonard de Vinci", "Isaac Newton"],
        "bonne_reponse": "Johannes Gutenberg"
      },
      {
        "niveau": "moyen",
        "question": "Quel scientifique a développé la théorie de la relativité ?",
        "reponses": ["Albert Einstein", "Isaac Newton", "Galilée"],
        "bonne_reponse": "Albert Einstein"
      },
      {
        "niveau": "difficile",
        "question": "Qui a inventé le premier moteur à explosion ?",
        "reponses": ["Étienne Lenoir", "Karl Benz", "Henry Ford"],
        "bonne_reponse": "Étienne Lenoir"
      },
      {
        "niveau": "difficile",
        "question": "Quel inventeur est à l'origine de la première voiture fonctionnelle ?",
        "reponses": ["Karl Benz", "Henry Ford", "Gottlieb Daimler"],
        "bonne_reponse": "Karl Benz"
      },
      {
        "niveau": "difficile",
        "question": "Qui a inventé le vaccin contre la rage ?",
        "reponses": ["Louis Pasteur", "Edward Jenner", "Robert Koch"],
        "bonne_reponse": "Louis Pasteur"
      },
      {
        "niveau": "difficile",
        "question": "Quel ingénieur a conçu la première machine à calculer mécanique ?",
        "reponses": ["Blaise Pascal", "Charles Babbage", "Alan Turing"],
        "bonne_reponse": "Blaise Pascal"
      }
    ]
  }
  